path,class_idx
000c02a0-3687-4c0c-bdfc-394b56134ac6.jpg,12
0036f660-7d6e-46d4-822d-dbb71b20c788.jpg,19
0082f891-33f6-4057-aa63-c2f462ea66a5.jpg,15
01e21934-d737-4992-b712-cf544666bd54.jpg,12
0321cf4c-2a19-42b5-992c-f1d6d80af4c7.jpg,3
03b3a4cf-dccc-4874-bf30-809e5498a815.jpg,16
04ad8917-07dc-451a-a59c-f4fc8827e0ab.jpg,7
054c4510-d3a2-4b20-976e-2cf93f78ec81.jpg,12
05d54ffe-c3ef-41c8-94eb-44bdd2c77311.jpg,10
061c3569-07a0-4611-ad18-ffeec09fb828.jpg,18
06f5724d-677e-49ff-abfb-0b21a9592180.jpg,18
0707df46-96ef-45a2-81e9-0480927cd26b.jpg,3
082a3006-96b8-450d-9047-b86fc19d8db6.jpg,15
08652414-cab8-4297-af7a-292a59af2d7a.jpg,11
0a20475e-4a4f-478f-afe6-bf27667c7d97.jpg,8
0a3d2fc2-6444-413f-804a-0ebe8dd3f664.jpg,19
0bc059ad-6c2e-4210-920f-04877e5aa9bb.jpg,12
0d5b87b2-7f01-4b4f-9916-da1eb12f433d.jpg,7
0d774931-7130-46fb-a70e-99b9d9c9ffce.jpg,17
0e1f224e-aa25-4c94-939a-cc51a90f60da.jpg,15
0e94e277-8b94-4410-abe7-1ec5b934f9ca.jpg,10
0fabe591-d66e-4614-8337-7eb77d20a8e4.jpg,9
100c9cef-e24c-48fe-a22d-5a144145365d.jpg,12
100fe8e3-66fe-4a58-9ddc-df6e94010404.jpg,4
10fd2ecf-825c-4e82-bd7b-cdb165760b63.jpg,17
113cf8ea-1413-431b-bd29-ad361b269c29.jpg,11
12985d98-edd3-4ee1-88a4-7a1bf19da7df.jpg,19
12c2d60b-10f5-4f12-b7a9-a5127065b1ec.jpg,16
13d14e82-4bd4-418f-a6e3-54df2336dafe.jpg,17
14095f55-d962-4695-afdf-4cfd32124706.jpg,2
15894ced-30fe-42ca-9345-16437772b6f2.jpg,16
169dba93-b700-4265-8857-d42d8dbe59f1.jpg,1
175b9210-001f-4ccc-9cea-92ea32d3642b.jpg,14
17b9d226-c09f-4c7e-a9d4-93360cd5987d.jpg,2
1811dbb5-bfb0-48a5-86a8-fbe52a34a4a4.jpg,7
1824db25-6d4e-40ed-a8cd-6c2f87e6187c.jpg,8
186b5212-fbf4-47d2-a834-baaef28cc958.jpg,8
18cad6fb-c02e-4540-bc00-976cdf0c5271.jpg,3
19049bce-8219-4265-80d5-79f5add51ac8.jpg,16
1a14429a-865d-4c9b-ac5b-35b6dc61c8a9.jpg,9
1aabb131-3144-4f64-a3c0-46fa6d153b50.jpg,18
1b5d3f94-1671-412a-8141-5d7a0e68d0d5.jpg,9
1b7abf4d-46b7-4c55-9324-d32c02034915.jpg,7
1c62f098-f4a5-42f3-87ba-be52603a9657.jpg,3
1ca66f4b-e409-42ae-b800-c168e2fe7aab.jpg,4
1d9c405f-b193-4034-9744-1ce5c2778296.jpg,1
1de2dcef-3fdb-49e8-9c87-25185618dbee.jpg,8
1ff883ec-138f-46ad-8230-c7a0d6ac321d.jpg,19
213c333b-f2c1-4128-a768-4b4169070285.jpg,3
214cd8ab-348e-41c7-a8d9-fe00185cbe4a.jpg,19
22587bbf-0b85-452e-be79-d5e4862ec9c4.jpg,0
22e74a25-f6c4-4e74-b9fd-9a618af11ffb.jpg,14
22ebab06-ba73-4ff0-985f-0350cdd433fa.jpg,11
2497080c-739f-4e21-b3d3-41d3e5a52722.jpg,11
24b32b3a-288e-4bf3-8ea4-786a345c1c3a.jpg,5
2587846f-95d3-4adc-9209-b291a1d428c2.jpg,14
2642ab23-ec60-48bf-a1e8-0d5409065d9b.jpg,8
26742b0f-4923-48f5-ad8e-9c3863d8f174.jpg,16
26b07112-c0c2-4820-bff7-339ddd8a1f42.jpg,9
26b0e379-14ed-480e-bdc6-b396cf689466.jpg,10
27b12280-11c9-41f7-9903-3bda8f751067.jpg,15
27e5bdf6-32d6-459f-9307-f548c2b88186.jpg,0
2976d7c8-2f82-4c86-a04e-68327dab64cf.jpg,2
2a50392c-b3b2-4562-91c8-5953c3c9e92c.jpg,16
2aeea850-9153-41f7-805a-8837f15eb303.jpg,0
2b9bb616-d276-453f-80c9-6e0f2b751fe5.jpg,12
2c25579e-d68d-46fa-a6fe-35dc7b5ddbda.jpg,10
2cdb4c86-84d9-4631-9ca2-220eaa246dc1.jpg,15
2d09e4bb-00bf-4cc0-9f8b-df41178b0c01.jpg,18
2f1867e3-14e4-4ef5-8db4-2022aa57b05a.jpg,3
2f4e7314-2b69-4e67-ab13-71e9a59f57d0.jpg,4
2f7ae5ef-f887-493b-9e2e-0b2a87499a33.jpg,3
2fc559fd-8350-496c-a0cd-66c0129f05a2.jpg,5
309deabb-b02d-42ae-892d-0b7e58c2b6ad.jpg,15
30b4b83f-1559-464f-a729-cf8679f73077.jpg,11
310e0d23-96d3-4445-a34b-46480f9fc8d2.jpg,19
3199a2e4-f883-4858-94a4-ce4892eccbd8.jpg,14
324a1c80-e4f3-44fa-8feb-7ad7917e5b97.jpg,1
3374d666-9412-46fc-834a-c8ccf54e8c39.jpg,2
33c02565-9c35-4f84-828f-b275bbcb1b6c.jpg,16
348174ec-55ea-4b79-a0ed-3f09bfcb209d.jpg,3
34e4a402-e072-4bb0-be92-90c7bea6dcf9.jpg,17
355dd879-88a3-4e26-a7bd-3f208f6fc352.jpg,4
35bfdd15-ab06-40b6-a3d1-e33910436f50.jpg,18
36512405-6dc5-43c6-86ee-0ee4c1a52b62.jpg,2
367993c9-5d9e-4d0b-ada8-2aeda751457b.jpg,14
36ac413a-1beb-480d-b098-35bd7f9617e8.jpg,10
37e2a8fb-3123-40c9-8f0b-7875ac21d376.jpg,17
385a18fb-74e4-4c5d-955f-353eecbaf7ee.jpg,5
38fd2538-a22a-4f96-b3c3-2a7f90081321.jpg,6
38ffc9ce-dc9b-47f1-a696-0a9964c60c15.jpg,8
39ec1c87-4bad-4bc3-a214-d6ceed5c5fb6.jpg,15
3aa31ddd-755b-44de-8348-8c36b64a1a29.jpg,3
3ad7c164-0d2f-4f38-a50c-c2b85f69fc4f.jpg,0
3b881b35-ad5b-41d4-9439-092ac64185dd.jpg,0
3bfd3be4-8a79-474b-b2fa-988c4e912a79.jpg,11
3c50c05d-da7a-4dda-a918-a05afb725b71.jpg,18
3c5cc401-4c7e-4934-bc96-64e5a11fe230.jpg,3
3c70f9fa-cb80-44a4-9aef-36aa6cbaa1d1.jpg,11
3d43413c-8705-48de-bace-aa663740461e.jpg,16
3e1b8e3e-30c8-411b-9970-fe1bb01c33ac.jpg,5
3f557abe-a256-42a7-896b-5306745d582f.jpg,2
3f77eff6-ae2f-4c46-9f2b-dab821043a37.jpg,18
40442cb3-d563-4a8c-8422-8e51c7948dde.jpg,10
423240fa-e728-4a31-b881-4603f23a581e.jpg,4
4310c652-7f6c-46e9-bd3b-9a2b967dd4a8.jpg,9
43c2aa65-9ce0-40d6-af2d-eecc0594248d.jpg,15
43ca70bc-f8c6-4832-84e6-4324ddbb3996.jpg,6
44c91aa5-c025-40e3-9bd9-6681a7b5ac7e.jpg,10
458a486f-db42-484b-ad7f-c22444778dd1.jpg,17
45d81e35-2a25-4f25-ab8e-58587ad4fe77.jpg,7
46b87346-62f9-40e0-925a-a93b37a5320e.jpg,13
46e88ca9-167a-4bfb-85ac-da50fe3ced1b.jpg,17
471f6f56-5c35-412f-b734-45e989f0d538.jpg,1
47f6e3af-d4d8-4e66-bbf6-67bad5a5ba64.jpg,6
48c16f15-ea56-4857-aa81-3e601be28244.jpg,3
4989cca6-982c-4f7d-a531-50334a3dd5b3.jpg,19
4a0f0a0f-1111-46ba-b888-a6983efd0f0d.jpg,19
4a53e392-6359-4386-81dc-acc71d1fcfe3.jpg,9
4a577565-8aec-483f-a33d-ebbd7baea44d.jpg,5
4b29c389-e487-46a5-9773-c26cfd27a04b.jpg,5
4bffce44-78aa-43d9-b28b-2de0a1caffeb.jpg,3
4e599817-3e0f-456a-8a72-f13267dadc2a.jpg,14
4e8f6fdd-de46-4fd8-94dd-63f0855d1183.jpg,16
4e954a03-56a0-4ace-9828-e166b5e9ecfd.jpg,6
4eb59185-1ba8-464d-abbf-a26a614de983.jpg,13
4ed5006d-88a7-4191-b75d-5de705182f6b.jpg,16
4fb16341-48be-4d9f-aa2a-674eda07b582.jpg,14
501a2764-f32f-4492-803a-17513b9a36bc.jpg,13
501cf977-75b0-4ea4-98ee-308226718320.jpg,9
50319536-4848-4e3b-934a-05d036cc730b.jpg,3
5096e9b2-6587-44be-86df-0674b6556da9.jpg,19
51c93810-d2a3-4f7a-b5b3-a5ee2cafdb43.jpg,8
526de2d4-8f51-4b6f-843b-d1576df98d04.jpg,5
53683755-ec07-43c8-8802-3c7c06644717.jpg,0
538291b2-fd3c-4716-920e-f9cc91b351b4.jpg,0
5386ade4-8a96-4fd0-b92e-d3b1bfb2d837.jpg,3
54227946-ba52-4352-acf5-2e1dcc2b4419.jpg,17
54361975-b292-478e-8ae6-928d28d055a1.jpg,15
54566b1e-4b73-4a3c-af1b-5c2b09a4c64d.jpg,3
54ed5d79-79ea-4bb4-8340-0187dcbd9f94.jpg,4
56db39e0-f769-48f8-8687-61bd7703e476.jpg,14
57cc2868-4b9d-4776-99da-a117179ba3bf.jpg,17
582fcf42-2fe4-44ef-8b3d-fe24ac4ceac1.jpg,17
583b57ee-62c5-4441-8af7-b4536bdd3395.jpg,13
5863ad9d-f1a4-4403-a3db-350ede663f9a.jpg,11
58e304e5-c822-41b1-86bf-1d55e49eb4e2.jpg,13
59e26b6b-9cd3-4aea-b732-4d923101cfe8.jpg,2
5a35fd9e-9510-48e1-82b6-1eef8d61cfb9.jpg,15
5b68738a-b853-418e-b967-ed3c43d32665.jpg,2
5c317085-e90a-4c59-92ee-5641696e7600.jpg,2
5f9f3da1-645f-427c-9f66-e7b97ecc58d0.jpg,9
5fa8b937-5599-4311-a482-4c82e550544a.jpg,12
60a019d5-d14c-4773-847c-12068eae9381.jpg,13
62811a29-f582-40ae-977a-3f3e531bd340.jpg,1
62f04f3d-b5cb-4453-a9de-ce33b1af6da2.jpg,12
6392e5e0-4541-49a3-9b1e-151956c697c7.jpg,16
63abfa7c-3d18-467b-8bb0-569fe4f841fd.jpg,14
64cc74bd-66a0-4e39-aba2-96184dfd1206.jpg,0
667de0b0-22f0-4ad1-a628-bf7a6d8cb61a.jpg,7
68a3a4cc-0288-4e6f-8ddf-b340edd1caab.jpg,9
693f5b22-18c0-4039-905e-431411bc940a.jpg,9
694aec78-99ca-476a-963d-b64c1ab6575e.jpg,10
6964f838-5bde-4189-bbe7-fab16d564704.jpg,12
699d494e-c6e5-4c01-b6ae-78888257c953.jpg,7
69db2802-241c-4d0b-9037-58f7b1b12d7f.jpg,9
6a143c2b-8778-405e-9bec-f036035568fb.jpg,7
6a469c6f-9d21-465f-805a-3a1cf1a732ea.jpg,0
6b48d650-0fcd-4368-b238-d6361c347ad4.jpg,15
6b60e1e6-5295-4734-9ea1-90dbc722cb02.jpg,14
6b6c9680-4b4a-488d-95a7-fea2fae1c472.jpg,17
6bb0ffd7-3be6-45b8-a708-e89c6f6f300b.jpg,6
6c478112-ed79-4663-90bc-083ff84e70da.jpg,17
6cae3c62-6021-4521-a485-66e8f0d877bc.jpg,11
6cd9b8f3-d8dd-49bd-975d-4eff2db96eb1.jpg,4
6dcbac91-0476-4046-9bc6-40aed44d3f48.jpg,11
6ee33d4a-d301-4cb5-be75-8aadcd02f195.jpg,13
703959f8-3a66-4612-b2ff-154362b3fc79.jpg,6
736d19b1-fbf9-4eaf-8ae4-f3a965f455be.jpg,16
739eff15-28b0-4b05-901b-ec5e161a1a81.jpg,15
7442546c-3b5a-461f-a716-9f67bb33db1c.jpg,9
74cb1e31-ce96-41f2-aa45-519f3fbd6349.jpg,0
753c7ac9-b353-4aa8-a0f0-c3842b0e9e3f.jpg,3
75a1be46-4436-4c83-846b-130e3816aef1.jpg,19
760a09f8-a51a-4e2e-9f4a-d653a82fe056.jpg,4
76924428-0338-4241-b284-2630c5fddcf1.jpg,2
76a470cb-8867-4e2f-8abb-25d06e2d7221.jpg,17
7730c667-5b12-46c2-a60e-c00917ff2210.jpg,7
7765259f-a0a2-48e8-85fa-1fbedee776b3.jpg,18
77ffaa64-e53b-4d17-870c-6580f430c581.jpg,16
7815586b-8769-4029-96aa-e094eb0b0a91.jpg,1
78429bb9-88f0-400c-9685-ea004ef3f505.jpg,1
787ff726-77ff-421a-8d00-aa918dc3ee71.jpg,17
79b7fa19-8d89-4fb7-8137-a59165f64148.jpg,14
7a54a04d-18fe-4a7f-8972-6a46340b1c98.jpg,13
7a6b15e3-97bc-417c-874c-6b57f9e5991a.jpg,6
7c8cba3b-ad0b-440e-8b5a-f630c627061a.jpg,7
7ee575cf-4da6-44bf-a5cf-4d1a6bde1f9a.jpg,8
7ee7451d-ad37-4ad3-9ea2-969339686318.jpg,0
808b7241-b19a-4323-8d34-1ea530be696e.jpg,5
80aee06f-371a-4177-8fd9-50027a9445f9.jpg,16
811c4726-702b-42b9-9215-82df3e03bd86.jpg,17
83ee354c-03ce-49a4-b15b-073f94ab9c03.jpg,11
847d456a-2ac5-44a6-9c13-dd3476fad736.jpg,1
84b77224-fd7a-4885-8fe7-6909d70d3631.jpg,5
84c29e5b-a884-47e8-b761-e8d5f78e07d9.jpg,2
8588952e-90f1-4f0e-bf3d-bded575d5fcd.jpg,15
85c36217-82cd-4e3f-a863-ef8fa4ff50c7.jpg,4
85edf67e-0429-48b9-b4c4-f5ce19a520fd.jpg,9
860a92e8-8c06-4e38-83d4-05d07d0baacf.jpg,0
862adaaf-8b65-43ec-900c-0c6cb95e44a6.jpg,17
8673914f-dc41-4963-a65d-9fbb4557f235.jpg,18
86a1148c-3eb2-437c-9fb0-e3277fe45a48.jpg,5
86efff0d-9c69-4d2b-b45a-d968ec179098.jpg,6
871454ea-f75c-4317-8e48-aa6bcfb03c02.jpg,11
872ea0f7-bddc-413e-93ca-6ed91cc2dab6.jpg,4
8828a7bc-8974-45d6-954f-cd47c7fb16fd.jpg,18
88a3774e-da50-4f12-9a35-ab8988e2cb55.jpg,7
88c6d05e-e687-473c-b244-71e97e44b93c.jpg,19
891622b2-8cbf-407b-b518-58c3c2b98f49.jpg,14
89b8351a-99db-435e-9933-e91df779abb1.jpg,4
89cb4c8e-e931-4e4f-bcb3-0455c5868b62.jpg,0
8aa16433-ebfb-4cb1-b85d-3b743cd8df1d.jpg,16
8ae07d36-ec07-4e48-aee8-24ee78210d17.jpg,19
8ba3fd3a-09b1-40f2-9d64-e3e6c61c7c3b.jpg,15
8cb73372-8192-4253-b5dc-e31bfaf18f88.jpg,4
8cf21481-fd20-4541-8de0-983b0220289e.jpg,6
8e3a97c4-5b68-4573-b244-9fc4d43eaa5a.jpg,0
8e49a0b1-9c97-4454-9fa2-5297d9609892.jpg,17
8edf3704-68f6-4696-97be-f25144280cd7.jpg,16
8ee75699-005a-4649-aaa2-b4120e994fc4.jpg,13
8f74734f-0e77-4f6f-803c-9776fea8ec2b.jpg,16
8fc431c2-b044-41bd-8168-7514ad8715b8.jpg,9
901cc974-1c50-4de5-b9cd-9bf02651df27.jpg,17
90a9298a-0ae0-4a29-a441-6175909d0a82.jpg,13
91dcbbb0-aef6-4d64-91d7-cedb76ac6bb9.jpg,5
92bf4721-d484-455f-bf48-bf3eb89a5873.jpg,2
9328ae1b-b7e7-4fbc-b1a0-86224fb9120d.jpg,9
943f98cb-be88-4414-9096-1afa303a035d.jpg,14
95ee36da-0b47-4899-8169-e3762b1a794d.jpg,7
973c02b7-1c87-4cda-9445-45af7e2a8990.jpg,14
980d09b3-d89a-4177-a6b3-714a23b00f4b.jpg,5
9820c56b-7155-455b-9cb7-7bca81ec914e.jpg,0
9859bfe4-a2b9-4b1c-92bc-2cd5e598befa.jpg,18
99a116a0-f9a1-4983-95de-cd27ef5276f2.jpg,12
9a2785c9-100f-4422-a5a4-f2a016e2f62a.jpg,16
9a8c34de-59bb-4b81-b8b9-e312bc6d70f8.jpg,10
9b3377d2-5ce5-42d8-9780-2934c44575b8.jpg,13
9b3b5ec2-7e06-4b0d-80f2-0649b68be525.jpg,12
9c336ec7-d2a5-418a-9bbb-c5a6298e36ef.jpg,12
9c3db537-116a-4e2e-91d6-8f8ef5c3c812.jpg,1
9c40a5c7-d5fa-43d1-b368-d1cc24839439.jpg,10
9d7b4859-999e-4da9-b61b-08a23a349e60.jpg,19
9da080e9-8e7f-47b4-b29d-d728013464e9.jpg,19
9e12f047-2332-4981-858f-a391740de28b.jpg,19
9ee79350-105a-438e-9a04-a8e9c8f71a1e.jpg,4
9f3dea5a-e8f4-45ab-8e22-85241a3db94b.jpg,14
9f563798-188c-44e9-aa01-bd78a3a6bee4.jpg,3
a018c470-3b07-4bec-8416-9c6e40d09d6a.jpg,17
a0fe72a1-1574-4645-85f5-90fbe9831b36.jpg,5
a12cf332-6618-40ce-a6d1-17bbdcb8c456.jpg,2
a15058f9-651b-45d9-8bfa-8065c6973199.jpg,2
a159bf73-3e21-4520-83c6-602037811d7c.jpg,15
a18aae5e-5ece-4cb5-a3d3-4fca66980142.jpg,4
a26cbd27-7e5a-48c9-a4b9-5a9c100a1839.jpg,19
a38d915a-d83d-4509-ae12-b77b0d436026.jpg,13
a3b84773-8880-4c24-b6ae-0bc43f9c74bb.jpg,11
a4c63f83-0d36-4a0d-80d5-27193a6103cf.jpg,16
a4d25ed0-6593-44cc-9c2d-0af032edb3da.jpg,18
a4d99739-b091-45e0-9d7e-50cbdaef6240.jpg,10
a5d70ae0-3cf1-4cb1-a13c-cf329a56a229.jpg,16
a5dc692e-23ee-4360-9ccb-389dadacd43b.jpg,10
a61ff1da-bfa9-4fbf-a1e2-1a680df0e79e.jpg,14
a825b4ef-c8f9-4787-a7af-1caf81607537.jpg,14
a83e57c5-27fb-4b72-b03c-4c6db801866d.jpg,6
a8ed773c-703d-4ab4-a845-999b803e99c2.jpg,10
a9ca22f4-1c0f-429a-a35d-e0e3eb3d50d6.jpg,17
aa672b31-a63c-44ed-9d52-558fb60e3aa9.jpg,15
aac027fe-b69c-4181-b43f-ee5b12d979f6.jpg,17
aaf2ad59-b505-4d6a-8ff4-848d3fd3aa1e.jpg,15
ae4b60e9-8f1e-403d-8223-2c6ad1bee105.jpg,17
ae4d0b13-6614-451a-92db-90c60e64e58c.jpg,4
ae674d8a-12bc-45c5-a2c1-0a38e1aab1fd.jpg,6
afe00a56-2fc1-4c3c-b771-7e7fef4d09a1.jpg,9
b064d646-1576-4431-913b-3d868c413996.jpg,8
b1330da4-a2e5-4841-acb4-f6a7044cc8bc.jpg,15
b20a39d0-87f2-4bb5-b3f2-c518b3a7338a.jpg,0
b28092b1-a0fe-4b2d-899b-a8fc25f1baef.jpg,15
b2fb3614-3398-43b2-9d0f-e8afc27b4c1b.jpg,11
b3feeafc-5e5b-405d-af8a-c2c57952677f.jpg,9
b64f77f3-c9b8-4fc1-a17e-26d20a3e4832.jpg,0
b7212bb8-7245-4baa-b415-9ff89a7807b2.jpg,19
b7450d81-9774-4d8f-bb0b-1d052614676b.jpg,8
b80134be-0c75-4046-83f8-e0f526528930.jpg,12
b8a1b691-a9e5-4f02-9fe7-8b2ec5118d41.jpg,17
b9c1dd86-a265-4764-b8c1-25e5eabb75c6.jpg,2
ba627e33-5f7a-48c7-9af3-35eaef16ddfd.jpg,15
baa5009b-b99f-418b-9231-4d387526b1f7.jpg,11
bb0a6071-18a8-47ea-808c-418c059d4816.jpg,2
bb96f6a2-3412-4e37-a051-c9b163af377f.jpg,1
bba7700f-3571-4a06-af7e-f81e0618c32b.jpg,10
bcc506b0-7606-451a-83b8-64e3eede4ac6.jpg,19
bdd0ff70-b8ee-4353-8dca-e38073069cf8.jpg,17
bea422c3-d9f5-4b5e-b9a6-f135914af562.jpg,0
beb3a70d-c13f-47aa-aaed-2834488a2665.jpg,4
bfc6615c-979d-4c3d-b3f4-98dc8c69de52.jpg,14
c1156a50-ebdb-42ec-b69e-72956ddd44f5.jpg,0
c1bd342c-67f6-4aa7-8391-ed4de9f27417.jpg,6
c1d87b70-fa2e-4423-80d7-2483cb24daa9.jpg,5
c2b54580-243c-4973-a0a1-ecdb33e813ae.jpg,3
c5851932-f1f6-440e-b658-8019dddb92cf.jpg,1
c6ea4d95-4806-4dcb-9ad6-b8769e295b02.jpg,13
c77461f3-f02f-48ee-b3c1-79ba75bb3407.jpg,17
c7ccbe97-a9a7-434c-b505-c06a765aa04a.jpg,18
c83cd0ef-fb24-455b-a8fa-a93222177192.jpg,12
c92bb9ac-4a73-45a8-a809-df0ab1905238.jpg,11
c96b90ed-a5d2-4691-9659-c512dbc0db01.jpg,1
c9c15f99-c7b1-4a3b-9c90-4145892d4ebb.jpg,11
cba2ca8a-4132-40fa-aecc-cb1e60d72308.jpg,19
cc08e4f2-4349-4431-8b3b-3c5a06847909.jpg,17
cc18ec0f-d7f6-4476-a805-87e53846f927.jpg,4
ccf0b1da-1e55-4bb7-a64a-b8833219c386.jpg,1
ce92bd0c-68c1-41a0-9caf-ec8b4eccc0e8.jpg,4
cf3aa812-fa9f-4fe9-88a6-a413e7571bd9.jpg,13
cfd87f89-8489-429f-b35b-ca2db97f69f4.jpg,9
cfe30f63-4b78-499c-bb92-06bb8d3bf402.jpg,10
d0fd7536-b2a6-4329-9414-009b3dcb6f44.jpg,8
d104a7ab-2ff1-4dac-bf2e-08dbf22f0145.jpg,15
d55ea499-b22f-4f4a-84a6-b19dab659a03.jpg,9
d5a60446-0497-4ba0-bcfd-eb664ed824e2.jpg,7
d5acce80-5a96-4c20-a5fe-00a6cac7fa24.jpg,5
d627c029-7470-4964-b880-21d7e9788e1a.jpg,14
d643eb1c-f399-4a4c-b729-7297b3ab87ce.jpg,7
d6a6ee97-868a-4066-a99f-5ba42987353f.jpg,17
d718da03-ffed-4be0-bbdb-8eb8a474bad3.jpg,13
d7e74bb2-7f80-4a76-b191-d9318e873caf.jpg,0
d95d7961-c1f7-46c3-96b4-755beb2645d0.jpg,17
da4a25c5-fec4-4a6e-93fb-7d2159574572.jpg,14
da82c136-bbca-4f69-9e97-2c0edf75e223.jpg,7
dab72e8d-8034-4bd7-bdb7-74d6c009facf.jpg,2
db0ff442-0db3-47d0-ae85-b32ed74889a3.jpg,14
db450429-357a-4cb2-a29d-87203c61808e.jpg,0
db70aa5a-c4f5-4c75-805a-ea508f18655c.jpg,2
dbc5da34-0395-41be-b064-1d14bb7fddef.jpg,13
dbc98147-3e7d-409c-a66c-9a83f75bdc3f.jpg,12
dbd98ed3-a29d-4bc1-adbe-41dded5d3ba7.jpg,18
dc4379fb-0515-473d-81c8-0d2a4f43a38c.jpg,10
dc845fe1-fb51-4993-a3b3-21ca99eee43a.jpg,0
dda591b9-6d45-4fa1-a683-cb22b434d0d3.jpg,10
de342e12-fce1-4c6c-9b46-f2192b3e3ed1.jpg,2
de9b92dc-b52f-4579-a1b5-b1f99db551a2.jpg,19
decea7ca-d32f-4f19-8fef-c7560d4becf1.jpg,3
e01c4a83-0c30-456c-a285-06dccafc771b.jpg,5
e0b2124c-60a7-402e-9341-235df1b150a3.jpg,12
e17fb45d-08a6-412a-8436-c68bca97a2b0.jpg,11
e24dfa3f-d57a-4e80-8e46-3e880f0ad9cc.jpg,3
e2d21be7-b386-4d82-9ab4-7316f828bd72.jpg,2
e488246f-501d-482a-bedf-1f6b50d1f70e.jpg,18
e53d93c0-c393-4abf-9dc4-b7ed935f6765.jpg,18
e72fa000-b152-4aa4-a26f-20c051647bf5.jpg,9
e73c5599-6d30-4864-936e-5f61c79c414b.jpg,0
e7b4548c-d755-431b-8974-8a13754c3d21.jpg,18
e7df4e93-0166-4578-a742-381c15f456c5.jpg,0
e8728bb9-aa9a-469b-bb0c-f84957b3b105.jpg,7
e8f81dc5-b6e6-456d-b8d9-c769c366c94a.jpg,8
e941a426-82d1-4c36-930b-b1d5d74efa62.jpg,9
ea21cad2-ab70-4bdb-9937-9ac4c14bcde5.jpg,17
ebffa17e-21f1-4611-95d1-74fbe75e2e2a.jpg,18
ec0ae230-06ff-40e0-8914-d3cf4f6a010a.jpg,16
ec437f94-725c-45cd-addf-cccd5aeeb4fc.jpg,7
ec77de43-938a-4c91-b8ad-913edea35b17.jpg,17
ec7a5d3f-cea9-4236-81a9-57d1ee7b9fc4.jpg,12
ecacb5d4-8627-48b1-b402-be2217e4e083.jpg,15
eccae49f-b855-49c5-b8c1-b85c6a5cc296.jpg,16
ecf5233d-0f8f-4730-9583-2c169dbf0810.jpg,13
ed447ee6-c991-4d71-9186-b3c27e91519f.jpg,14
efb13a8b-28d0-4c93-ac5e-0a6529ac79bd.jpg,5
f0acbbf0-33ba-4429-b207-55c25f53ac69.jpg,10
f10993cc-64c7-48a9-a7f3-28c448232ccf.jpg,12
f20fd89c-d70a-4295-a1bb-82f821c9d54c.jpg,14
f2302af0-d7aa-4b87-9389-75a94afb0b54.jpg,0
f268b3b1-2bd7-44ee-91a7-847e431f5bc0.jpg,9
f389e44e-b369-41dc-b3e2-eb66267baf09.jpg,9
f4094556-b57e-4fd1-98f0-6174822039c0.jpg,1
f40daf2f-d819-4278-8042-bb762823de6c.jpg,9
f41322bc-4b41-49a1-9cde-9d93d1feac89.jpg,0
f5b4ff99-33bf-4dbd-8174-a152f6b6911e.jpg,14
f6684a5e-ab08-48bb-a698-187460037e28.jpg,7
f7e3b736-361e-4745-bddb-5c077f891e59.jpg,9
f845a0cf-ae00-4d68-bf46-6383f5c692e1.jpg,10
f97f9fd0-9aab-4ad1-8da5-0e593886eada.jpg,17
f9f89d93-cd23-497d-8d33-d6fb3cff60b4.jpg,18
fbba8028-3596-4d06-86a5-8a70c2ad3ac6.jpg,9
fcc07566-d9d8-4f39-9b6e-e1e414e5461a.jpg,10
fd8bad6a-3d3e-4923-8ecd-8527969d45a8.jpg,14
fda80014-69af-4b5f-aeb8-9e1e31f27f01.jpg,16
fe726f53-bb7e-4637-b361-38383ff87101.jpg,11
ff3f7943-b237-490d-bf23-7c6a31536fc5.jpg,6
ff688ca5-1700-48b0-b0c9-dd8a8fb711e2.jpg,4
ff8e5415-c19d-4ebe-896b-8246c32ea401.jpg,16
